Model,MAE,RMSE,R2
Linear Regression,1.1174738298035414,1.7378225534142122,0.8688973043208439
Random Forest,0.5998639344262298,0.8746000670095532,0.9667937543959715
